univsertiy,key_sub,ms_statition,phd_station
南京工业职业技术学院,0,0,0
江苏建筑职业技术学院,0,0,0
连云港职业技术学院,0,0,0
泰州职业技术学院,0,0,0
无锡职业技术学院,0,0,0
江苏工程职业技术学院,0,0,0
苏州工艺美术职业技术学院,0,0,0
常州信息职业技术学院,0,0,0
南通航运职业技术学院,0,0,0
无锡商业职业技术学院,0,0,0
南京交通职业技术学院,0,0,0
淮安信息职业技术学院,0,0,0
江苏农牧科技职业学院,0,0,0
常州纺织服装职业技术学院,0,0,0
苏州农业职业技术学院,0,0,0
苏州工业园区职业技术学院,0,0,0
南京科技职业学院,0,0,0
正德职业技术学院,0,0,0
无锡南洋职业技术学院,0,0,0
钟山职业技术学院,0,0,0
黑龙江职业学院,0,0,0
上海建峰职业技术学院,0,0,0
上海第二工业大学,0,0,0
上海海事职业技术学院,0,0,0
上海电子信息职业技术学院,0,0,0
上海交通职业技术学院,0,0,0
上海城市管理职业技术学院,0,0,0
上海行健职业学院,0,0,0
上海农林职业技术学院,0,0,0
民办明达职业技术学院,0,0,0
辽宁广告职业学院,0,0,0
辽宁体育运动职业技术学院,0,0,0
辽宁林业职业技术学院,0,0,0
沈阳航空职业技术学院,0,0,0
沈阳职业技术学院,0,0,0
辽源职业技术学院,0,0,0
吉林交通职业技术学院,0,0,0
长春东方职业学院,0,0,0
吉林电子信息职业技术学院,0,0,0
黑龙江农业工程职业学院,0,0,0
大庆职业学院,0,0,0
黑龙江农垦职业学院,0,0,0
哈尔滨职业技术学院,0,0,0
哈尔滨电力职业技术学院,0,0,0
哈尔滨铁道职业技术学院,0,0,0
大兴安岭职业学院,0,0,0
黑龙江农业经济职业学院,0,0,0
黑龙江艺术职业学院,0,0,0
哈尔滨信息工程学院,0,0,0
吉林工业职业技术学院,0,0,0
吉林司法警官职业学院,0,0,0
吉林工程职业学院,0,0,0
长春职业技术学院,0,0,0
黑龙江建筑职业技术学院,0,0,0
伊春职业学院,0,0,0
黑龙江司法警官职业学院,0,0,0
齐齐哈尔工程学院,0,0,0
黑龙江林业职业技术学院,0,0,0
黑龙江农业职业技术学院,0,0,0
呼和浩特职业学院,0,0,0
渤海船舶职业学院,0,0,0
盘锦职业技术学院,0,0,0
辽宁金融职业学院,0,0,0
大连职业技术学院,0,0,0
辽阳职业技术学院,0,0,0
营口职业技术学院,0,0,0
辽宁石化职业技术学院,0,0,0
辽宁经济职业技术学院,0,0,0
辽宁机电职业技术学院,0,0,0
临汾职业技术学院,0,0,0
山西职业技术学院,0,0,0
太原城市职业技术学院,0,0,0
山西煤炭职业技术学院,0,0,0
包头职业技术学院,0,0,0
内蒙古建筑职业技术学院,0,0,0
兴安职业技术学院,0,0,0
内蒙古警察职业学院,0,0,0
内蒙古体育职业学院,0,0,0
包头轻工职业技术学院,0,0,0
河北化工医药职业技术学院,0,0,0
河北外国语职业学院,0,0,0
石家庄信息工程职业学院,0,0,0
石家庄财经职业学院,0,0,0
河北美术学院,0,0,0
山西建筑职业技术学院,0,0,0
山西工程职业技术学院,0,0,0
晋城职业技术学院,0,0,0
大同煤炭职业技术学院,0,0,0
山西药科职业学院,0,0,0
山西交通职业技术学院,0,0,0
山西应用科技学院,0,0,0
长治职业技术学院,0,0,0
山西艺术职业学院,0,0,0
阳泉职业技术学院,0,0,0
山西水利职业技术学院,0,0,0
山西林业职业技术学院,0,0,0
山西财贸职业技术学院,0,0,0
山西戏剧职业学院,0,0,0
山西机电职业技术学院,0,0,0
河北政法职业学院,0,0,0
河北石油职业技术学院,0,0,0
衡水职业技术学院,0,0,0
秦皇岛职业技术学院,0,0,0
唐山职业技术学院,0,0,0
唐山工业职业技术学院,0,0,0
石家庄工程职业学院,0,0,0
河北工程技术学院,0,0,0
河北省艺术职业学院,0,0,0
河北交通职业技术学院,0,0,0
天津交通职业学院,0,0,0
河北工业职业技术学院,0,0,0
邯郸职业技术学院,0,0,0
石家庄职业技术学院,0,0,0
张家口职业技术学院,0,0,0
沧州职业技术学院,0,0,0
石家庄铁路职业技术学院,0,0,0
河北能源职业技术学院,0,0,0
保定职业技术学院,0,0,0
河北建材职业技术学院,0,0,0
天津工程职业技术学院,0,0,0
天津现代职业技术学院,0,0,0
天津轻工职业技术学院,0,0,0
天津电子信息职业技术学院,0,0,0
天津公安警官职业学院,0,0,0
天津机电职业技术学院,0,0,0
天津渤海职业技术学院,0,0,0
天津中德职业技术学院,0,0,0
天津青年职业学院,0,0,0
天津商务职业学院,0,0,0
北京科技经营管理学院,0,0,0
北京吉利学院,0,0,0
北京农业职业学院,0,0,0
北京戏曲艺术职业学院,0,0,0
北京京北职业技术学院,0,0,0
北京经贸职业学院,0,0,0
北京经济技术职业学院,0,0,0
北京北大方正软件职业技术学院,0,0,0
北京财贸职业学院,0,0,0
天津滨海职业学院,0,0,0
电子科技大学中山学院,0,0,0
汉口学院,0,0,0
武昌理工学院,0,0,0
武昌首义学院,0,0,0
四川理工学院,0,5,0
辽东学院,0,0,0
北京工业职业技术学院,0,0,0
北京信息职业技术学院,0,0,0
北京电子科技职业学院,0,0,0
重庆化工职业学院,0,0,0
重庆交通职业学院,0,0,0
重庆旅游职业学院,0,0,0
陕西工商职业学院,0,0,0
榆林职业技术学院,0,0,0
北京电影学院现代创意媒体学院,0,0,0
河北中医学院,4,17,1
营口理工学院,0,0,0
上海纽约大学,0,0,0
湖南工商职业学院,0,0,0
广州华商职业学院,0,0,0
广东南方职业学院,0,0,0
广州华夏职业学院,0,0,0
广东环境保护工程职业学院,0,0,0
广西科技职业学院,0,0,0
广西卫生职业技术学院,0,0,0
海南工商职业学院,0,0,0
重庆房地产职业学院,0,0,0
重庆电讯职业学院,0,0,0
辽宁工程职业学院,0,0,0
辽宁城市建设职业技术学院,0,0,0
铁岭卫生职业学院,0,0,0
黑龙江护理高等专科学校,0,0,0
黑龙江农垦科技职业学院,0,0,0
苏州工业园区服务外包职业学院,0,0,0
郑州信息工程职业学院,0,0,0
长垣烹饪职业技术学院,0,0,0
武汉城市职业学院,0,0,0
湖南高尔夫旅游职业学院,0,0,0
焦作工贸职业学院,0,0,0
河南化工职业学院,0,0,0
河南艺术职业学院,0,0,0
许昌陶瓷职业学院,0,0,0
辽宁理工职业学院,0,0,0
晋中师范高等专科学校,0,0,0
内蒙古工业职业学院,0,0,0
呼伦贝尔职业技术学院,0,0,0
满洲里俄语职业学院,0,0,0
辽宁冶金职业技术学院,0,0,0
廊坊燕京职业技术学院,0,0,0
阳泉师范高等专科学校,0,0,0
辽宁医药职业学院,0,0,0
吉林科技职业技术学院,0,0,0
宿迁泽达职业技术学院,0,0,0
桐城师范高等专科学校,0,0,0
安徽汽车职业技术学院,0,0,0
皖西卫生职业学院,0,0,0
滁州城市职业学院,0,0,0
青岛远洋船员职业学院,0,0,0
西南交通大学希望学院,0,0,0
中国矿业大学银川学院,0,0,0
南方科技大学,0,0,0
东莞职业技术学院,0,0,0
山东女子学院,0,0,0
浙江外国语学院,1,0,0
北京交通运输职业学院,0,0,0
北京艺术传媒职业学院,0,0,0
北京体育职业学院,0,0,0
承德护理职业学院,0,0,0
内蒙古师范大学鸿德学院,0,0,0
内蒙古大学创业学院,0,0,0
长春财经学院,0,0,0
常州大学怀德学院,0,0,0
同济大学浙江学院,0,0,0
上海财经大学浙江学院,0,0,0
河海大学文天学院,0,0,0
厦门工学院,0,0,0
武汉纺织大学外经贸学院,0,0,0
桂林理工大学博文管理学院,0,0,0
江西新能源科技职业学院,0,0,0
漯河食品职业学院,0,0,0
郑州城市职业学院,0,0,0
广西经济职业学院,0,0,0
三亚理工职业学院,0,0,0
重庆传媒职业学院,0,0,0
重庆能源职业学院,0,0,0
西安医学高等专科学校,0,0,0
北京第二外国语学院中瑞酒店管理学院,0,0,0
北京交通大学海滨学院,0,0,0
苏州信息职业技术学院,0,0,0
浙江横店影视职业学院,0,0,0
浙江汽车职业技术学院,0,0,0
安徽矿业职业技术学院,0,0,0
合肥信息技术职业学院,0,0,0
民办合肥滨湖职业技术学院,0,0,0
安徽现代信息工程职业学院,0,0,0
泉州海洋职业学院,0,0,0
泉州轻工职业学院,0,0,0
厦门安防科技职业学院,0,0,0
石家庄科技职业学院,0,0,0
石家庄理工职业学院,0,0,0
运城职业技术学院,0,0,0
大连东软信息学院,0,0,0
辽宁财贸学院,0,0,0
大连艺术学院,0,0,0
大连航运职业技术学院,0,0,0
大连装备制造职业技术学院,0,0,0
大连汽车职业技术学院,0,0,0
黑龙江财经学院,0,0,0
三峡旅游职业技术学院,0,0,0
湖南生物机电职业技术学院,0,0,0
广州番禺职业技术学院,0,0,0
广西幼儿师范高等专科学校,0,0,0
重庆航天职业技术学院,0,0,0
重庆商务职业学院,0,0,0
四川文化产业职业学院,0,0,0
四川幼儿师范高等专科学校,0,0,0
廊坊东方职业技术学院,0,0,0
石家庄人民医学高等专科学校,0,0,0
四平职业大学,0,0,0
杭州科技职业技术学院,0,0,0
黎明职业大学,0,0,0
江西冶金职业技术学院,0,0,0
江西传媒职业学院,0,0,0
郑州理工职业学院,0,0,0
山东理工职业学院,0,0,0
安阳职业技术学院,0,0,0
新乡职业技术学院,0,0,0
驻马店职业技术学院,0,0,0
天津广播影视职业学院,0,0,0
河北劳动关系职业学院,0,0,0
泊头职业学院,0,0,0
宣化科技职业学院,0,0,0
山西轻工职业技术学院,0,0,0
乌兰察布医学高等专科学校,0,0,0
鄂尔多斯职业学院,0,0,0
辽宁现代服务职业技术学院,0,0,0
西北政法大学,10,21,0
安康学院,0,0,0
宁夏师范学院,0,0,0
吉林工商学院,0,0,0
赤峰学院,0,0,0
琼州学院,0,0,0
三明学院,0,0,0
龙岩学院,0,0,0
陇东学院,0,0,0
上海电机学院,0,0,0
石家庄学院,0,0,0
邯郸学院,0,0,0
河北金融学院,0,0,0
菏泽学院,8,0,0
山东警察学院,0,0,0
济宁学院,0,0,0
长治学院,0,0,0
滁州学院,0,0,0
宿州学院,0,0,0
东华理工大学,0,0,0
丽水学院,2,0,0
湖南工学院,0,0,0
湘南学院,0,0,0
贺州学院,0,0,0
钦州学院,0,0,0
铜仁学院,0,0,0
西昌学院,0,0,0
榆林学院,0,0,0
西安医学院,1,0,0
陕西科技大学镐京学院,0,0,0
东北师范大学人文学院,0,0,0
江西制造职业技术学院,0,0,0
沈阳北软信息职业技术学院,0,0,0
湖北医药学院药护学院,0,0,0
山西医科大学晋祠学院,0,0,0
四川工业科技学院,0,0,0
青海大学昆仑学院,0,0,0
兰州财经大学长青学院,0,0,0
湖北师范学院文理学院,0,0,0
西安铁路职业技术学院,0,0,0
南方医科大学,3,98,75
上海金融学院,0,0,0
上海立信会计学院,0,0,0
三峡大学科技学院,0,0,0
安徽大学江淮学院,0,0,0
吉首大学张家界学院,0,0,0
安顺学院,0,0,0
辽宁何氏医学院,0,0,0
天津理工大学中环信息学院,0,0,0
贵州财经大学商务学院,0,0,0
西安电子科技大学长安学院,0,0,0
上海思博职业技术学院,0,0,0
陕西邮电职业技术学院,0,0,0
哈尔滨华德学院,0,0,0
济南大学泉城学院,0,0,0
凯里学院,0,0,0
新乡医学院三全学院,0,0,0
海南外国语职业学院,0,0,0
新疆医科大学厚博学院,0,0,0
陕西警官职业学院,0,0,0
江汉大学文理学院,0,0,0
河北师范大学汇华学院,0,0,0
江苏经贸职业技术学院,0,0,0
渤海石油职业学院,0,0,0
山东旅游职业学院,0,0,0
广西科技大学鹿山学院,0,0,0
郑州职业技术学院,0,0,0
山东药品食品职业学院,0,0,0
天津外国语大学滨海外事学院,0,0,0
贵州师范大学求是学院,0,0,0
天津生物工程职业技术学院,0,0,0
河北经贸大学经济管理学院,0,0,0
山西师范大学现代文理学院,0,0,0
山东医学高等专科学校,0,0,0
河南检察职业学院,0,0,0
广西中医药大学赛恩斯新医药学院,0,0,0
湖北大学知行学院,0,0,0
贵州大学明德学院,0,0,0
湖北商贸学院,0,0,0
华东交通大学理工学院,0,0,0
贵阳中医学院时珍学院,0,0,0
青岛求实职业技术学院,0,0,0
西安工业大学北方信息工程学院,0,0,0
辽宁中医药大学杏林学院,0,0,0
江西师范大学科学技术学院,0,0,0
湖南司法警官职业学院,0,0,0
商洛学院,0,0,0
天津城市职业学院,0,0,0
抚州职业技术学院,0,0,0
湖南工程学院应用技术学院,0,0,0
烟台大学文经学院,0,0,0
岳阳职业技术学院,0,0,0
长江大学文理学院,0,46,3
燕山大学里仁学院,0,0,0
西安建筑科技大学华清学院,0,0,0
山西电力职业技术学院,0,0,0
哈尔滨远东理工学院,0,0,0
中原工学院信息商务学院,0,0,0
沧州医学高等专科学校,0,0,0
湖南商学院北津学院,0,0,0
江西农业大学南昌商学院,0,0,0
兰州财经大学陇桥学院,0,0,0
武汉科技大学城市学院,0,0,0
天津冶金职业技术学院,0,0,0
白城医学高等专科学校,0,0,0
天津体育学院运动与文化艺术学院,0,0,0
武昌工学院,0,0,0
福建对外经济贸易职业技术学院,0,0,0
长春光华学院,0,0,0
淮北师范大学信息学院,0,0,0
长春工业大学人文信息学院,0,0,0
河北工程大学科信学院,0,0,0
宁夏大学新华学院,0,0,0
常德职业技术学院,0,0,0
湖北汽车工业学院科技学院,0,0,0
天津城市建设管理职业技术学院,0,0,0
马鞍山师范高等专科学校,0,0,0
西安翻译学院,0,0,0
陕西青年职业学院,0,0,0
云南大学滇池学院,0,0,0
天津师范大学津沽学院,0,0,0
大连枫叶职业技术学院,0,0,0
河北软件职业技术学院,0,0,0
唐山科技职业技术学院,0,0,0
福建师范大学协和学院,0,0,0
武汉工程大学邮电与信息工程学院,0,0,0
成都信息工程大学银杏酒店管理学院,0,0,0
哈尔滨广厦学院,0,0,0
太原科技大学华科学院,0,0,0
渤海大学,8,30,0
厦门华天涉外职业技术学院,0,0,0
石家庄科技信息职业学院,0,0,0
湖南农业大学东方科技学院,0,0,0
沈阳化工大学科亚学院,0,0,0
永城职业学院,0,0,0
海南政法职业学院,0,0,0
西京学院,0,0,0
安徽财经大学商学院,0,0,0
河北医科大学临床学院,0,0,0
广西大学行健文理学院,0,0,0
沈阳工学院,0,0,0
重庆邮电大学移通学院,0,0,0
阜阳科技职业学院,0,0,0
泉州纺织服装职业学院,0,0,0
广西民族大学相思湖学院,0,0,0
河北工业大学城市学院,0,0,0
天津铁道职业技术学院,0,0,0
辽宁理工学院,0,0,0
中国计量学院现代科技学院,0,0,0
山东财经大学东方学院,0,0,0
成都文理学院,0,0,0
江西先锋软件职业技术学院,0,0,0
贵州医科大学神奇民族医药学院,0,0,0
安阳工学院,1,0,0
昆明理工大学津桥学院,0,0,0
西北师范大学知行学院,0,0,0
河北科技大学理工学院,0,0,0
天津大学仁爱学院,0,0,0
中南林业科技大学涉外学院,0,0,0
武汉生物工程学院,0,0,0
吉林建筑大学城建学院,0,0,0
四川外国语大学成都学院,0,0,0
江苏海事职业技术学院,0,0,0
河北农业大学现代科技学院,0,0,0
海南经贸职业技术学院,0,0,0
大连软件职业学院,0,0,0
天津海运职业学院,0,0,0
山东财经大学燕山学院,0,0,0
济南工程职业技术学院,0,0,0
江西科技师范大学理工学院,0,0,0
贵州大学科技学院,0,0,0
安徽建筑大学城市建设学院,0,0,0
河南科技学院,0,5,0
吉林农业科技学院,0,0,0
鲁东大学,0,20,1
湖南人文科技学院,2,0,0
滨州学院,3,0,0
华北理工大学,0,19,0
安徽科技学院,0,23,0
安徽农业大学经济技术学院,0,0,0
上海济光职业技术学院,0,0,0
延安大学西安创新学院,0,0,0
西交利物浦大学,0,0,0
梧州学院,0,0,0
山西大同大学,0,0,0
河北北方学院,13,4,0
衡水学院,0,0,0
中国劳动关系学院,1,0,0
中国医科大学临床医药学院,0,0,0
武汉工商学院,0,0,0
重庆工商大学,0,8,0
重庆工商大学派斯学院,0,0,0
重庆工商大学融智学院,0,0,0
重庆科技学院,0,0,0
重庆师范大学,0,25,0
重庆文理学院,0,0,0
云南民族大学,10,50,1
湖北工业大学,17,92,5
云南警官学院,0,0,0
西华大学,1,35,0
厦门理工学院,3,0,0
长春中医药大学,8,24,2
云南财经大学,12,45,0
新疆财经大学,0,41,3
宁波诺丁汉大学,2,0,0
郑州升达经贸管理学院,0,0,0
郑州财经学院,0,0,0
中北大学,1,62,23
太原工业学院,0,0,0
中北大学信息商务学院,0,0,0
中国传媒大学南广学院,0,0,0
中国地质大学长城学院,0,0,0
武汉工程科技学院,0,0,0
中国矿业大学徐海学院,9,44,16
厦门大学嘉庚学院,0,0,0
厦门演艺职业学院,0,0,0
云南大学旅游文化学院,0,0,0
云南科技信息职业学院,0,0,0
云南师范大学商学院,0,0,0
云南师范大学文理学院,0,0,0
浙江传媒学院,0,1,0
浙江工商大学,1,89,21
西安财经学院行知学院,0,0,0
西安海棠职业学院,0,0,0
西安科技大学,1,92,28
西安培华学院,0,0,0
西安石油大学,7,33,1
西安文理学院,0,0,0
西北工业大学明德学院,0,0,0
西北民族大学,3,31,1
西华师范大学,7,35,4
西南民族大学,7,100,7
沈阳理工大学,4,28,0
石家庄经济学院华信学院,0,0,0
石家庄铁道大学四方学院,0,0,0
河北外国语学院,0,0,0
石家庄医学高等专科学校,0,0,0
石家庄邮电职业技术学院,0,0,0
首都师范大学科德学院,0,0,0
四川航天职业技术学院,0,0,0
四川外国语大学重庆南方翻译学院,0,0,0
苏州经贸职业技术学院,0,0,0
太原科技大学,4,42,2
太原理工大学现代科技学院,0,0,0
天津财经大学,0,19,3
天津职业技术师范大学,9,10,0
天津石油职业技术学院,0,0,0
天津医科大学临床医学院,0,0,0
武汉交通职业学院,0,0,0
武汉理工大学华夏学院,0,0,0
武汉民政职业学院,0,0,0
武汉铁路职业技术学院,0,0,0
南京信息工程大学,0,0,0
南京信息工程大学滨江学院,0,0,0
南京邮电大学,4,44,17
南京邮电大学通达学院,0,0,0
南开大学滨海学院,0,0,0
南通大学,1,17,1
青岛港湾职业技术学院,0,0,0
青岛恒星科技学院,0,0,0
青岛理工大学,18,77,8
三亚航空旅游职业学院,0,0,0
山西财经大学华商学院,0,0,0
山西旅游职业学院,0,0,0
陕西电子信息职业技术学院,0,0,0
上海电影艺术职业学院,0,0,0
上海工商外国语职业学院,0,0,0
上海海事大学,1,75,19
上海商学院,0,0,0
沈阳城市学院,0,0,0
沈阳工程学院,0,0,0
沈阳建筑大学,8,36,1
井冈山大学,6,0,0
景德镇陶瓷学院科技艺术学院,0,0,0
昆明医科大学海源学院,0,0,0
兰州交通大学,0,64,16
辽宁对外经贸学院,0,0,0
辽宁科技学院,0,0,0
辽宁石油化工大学顺华能源学院,0,0,0
内蒙古科技大学,0,67,0
南昌大学共青学院,0,0,0
南昌大学科学技术学院,0,0,0
南昌工程学院,4,0,0
南昌航空大学科技学院,0,0,0
南昌理工学院,0,0,0
南充职业技术学院,0,0,0
南华大学船山学院,0,0,0
南京财经大学,0,69,0
南京工业大学浦江学院,0,0,0
南京航空航天大学金城学院,0,0,0
南京审计学院金审学院,0,0,0
南京师范大学泰州学院,0,0,0
南昌职业学院,0,0,0
江西服装学院,0,0,0
南昌工学院,0,0,0
江西工业贸易职业技术学院,0,0,0
江西建设职业技术学院,0,0,0
江西理工大学,12,65,0
江西理工大学应用科学学院,0,0,0
江西外语外贸职业学院,0,0,0
江西中医药大学科技学院,0,0,0
金陵科技学院,2,0,0
文华学院,0,0,0
黄淮学院,0,0,0
吉林大学珠海学院,0,0,0
长春建筑学院,0,0,0
长春科技学院,0,0,0
集美大学诚毅学院,0,0,0
江苏大学京江学院,0,0,0
江苏科技大学,1,60,8
江苏科技大学苏州理工学院,0,0,0
江西财经大学现代经济管理学院,0,0,0
湖北职业技术学院,0,0,0
湖南工业大学,3,19,0
湖南工业大学科技学院,0,0,0
湖南科技大学,0,125,0
湖南科技大学潇湘学院,0,0,0
湖南涉外经济学院,1,0,0
华北电力大学科技学院,0,0,0
华北水利水电大学,3,52,0
广州商学院,0,0,0
河北传媒学院,0,0,0
河南大学民生学院,0,0,0
河南工业大学,25,108,0
河南科技学院新科学院,0,0,0
河南理工大学,18,55,13
哈尔滨江南职业技术学院,0,0,0
黑龙江三江美术职业学院,0,0,0
红河学院,0,0,0
湖北国土资源职业学院,0,0,0
湖北三峡职业技术学院,0,0,0
广东金融学院,0,0,0
广西财经学院,0,0,0
广西经贸职业技术学院,0,0,0
广州南洋理工职业学院,0,0,0
桂林电子科技大学信息科技学院,0,0,0
黑龙江外国语学院,0,0,0
杭州电子科技大学,1,66,9
河北大学工商学院,0,0,0
河北工程大学,0,21,0
华北理工大学轻工学院,0,0,0
北京培黎职业学院,0,0,0
北京现代职业技术学院,0,0,0
北京邮电大学世纪学院,0,0,0
北京中医药大学东方学院,0,0,0
长春理工大学光电信息学院,0,0,0
长江大学,22,151,18
长江大学工程技术学院,0,0,0
长江工程职业技术学院,0,0,0
长沙理工大学,7,61,7
长沙理工大学城南学院,0,0,0
北华航天工业学院,0,0,0
北京工商大学嘉华学院,0,0,0
北京工业大学耿丹学院,0,0,0
燕京理工学院,0,0,0
北京汇佳职业学院,0,0,0
北京交通职业技术学院,0,0,0
北京科技大学天津学院,0,0,0
北京科技职业学院,0,0,0
北京理工大学珠海学院,0,0,0
蚌埠学院,0,0,0
安徽三联学院,0,0,0
福建警察学院,0,0,0
闽南理工学院,0,0,0
武夷学院,0,0,0
齐鲁医药学院,0,0,0
潍坊科技学院,0,0,0
山东英才学院,0,0,0
河南工程学院,0,0,0
郑州工业应用技术学院,6,0,0
郑州科技学院,0,0,0
荆楚理工学院,0,0,0
湖南第一师范学院,0,0,0
仲恺农业工程学院,0,5,0
海口经济学院,0,0,0
西安思源学院,0,0,0
陕西国际商贸学院,0,0,0
安徽财经大学,0,56,0
保定电力职业技术学院,0,0,0
保险职业学院,0,0,0
长沙学院,0,0,0
长沙医学院,0,0,0
成都东软学院,0,0,0
四川传媒学院,0,0,0
大连交通大学,2,19,2
大连科技学院,0,0,0
电子科技大学成都学院,0,0,0
大连财经学院,0,0,0
黑龙江工商学院,0,0,0
鄂东职业技术学院,0,0,0
厦门医学高等专科学校,0,0,0
泉州工艺美术职业学院,0,0,0
厦门城市职业学院,0,0,0
福建生物工程职业技术学院,0,0,0
福建艺术职业学院,0,0,0
福建体育职业技术学院,0,0,0
宁德职业技术学院,0,0,0
泉州经贸职业技术学院,0,0,0
闽西职业技术学院,0,0,0
三明职业技术学院,0,0,0
安徽国际商务职业学院,0,0,0
马鞍山职业技术学院,0,0,0
徽商职业学院,0,0,0
民办安徽旅游职业学院,0,0,0
安徽冶金科技职业学院,0,0,0
安徽机电职业技术学院,0,0,0
安徽审计职业学院,0,0,0
亳州职业技术学院,0,0,0
安徽中澳科技职业学院,0,0,0
泉州医学高等专科学校,0,0,0
湄洲湾职业技术学院,0,0,0
漳州卫生职业学院,0,0,0
天津天狮学院,0,0,0
保定学院,0,0,0
上海海关学院,0,0,0
浙江警察学院,0,0,0
宁波大红鹰学院,0,0,0
浙江越秀外国语学院,0,0,0
合肥师范学院,0,0,0
池州学院,0,0,0
安徽邮电职业技术学院,0,0,0
安徽艺术职业学院,0,0,0
安徽国防科技职业学院,0,0,0
安徽林业职业技术学院,0,0,0
安徽新闻出版职业技术学院,0,0,0
安徽财贸职业学院,0,0,0
安徽电气工程职业技术学院,0,0,0
安庆职业技术学院,0,0,0
安徽公安职业学院,0,0,0
浙江纺织服装职业技术学院,0,0,0
宁波卫生职业技术学院,0,0,0
浙江同济科技职业学院,0,0,0
浙江邮电职业技术学院,0,0,0
浙江体育职业技术学院,0,0,0
台州科技职业学院,0,0,0
温州科技职业学院,0,0,0
安庆医药高等专科学校,0,0,0
安徽工业职业技术学院,0,0,0
安徽工商职业学院,0,0,0
扬州工业职业技术学院,0,0,0
江苏城市职业学院,0,0,0
苏州卫生职业技术学院,0,0,0
盐城卫生职业技术学院,0,0,0
苏州高博软件技术职业学院,0,0,0
南京旅游职业学院,0,0,0
浙江医学高等专科学校,0,0,0
金华职业技术学院,0,0,0
浙江国际海运职业技术学院,0,0,0
宁波城市职业技术学院,0,0,0
黑龙江粮食职业学院,0,0,0
佳木斯职业学院,0,0,0
上海健康医学院,0,0,0
上海旅游高等专科学校,0,0,0
上海工艺美术职业学院,0,0,0
上海工会管理职业学院,0,0,0
上海体育职业学院,0,0,0
苏州职业大学,0,0,0
南通科技职业学院,0,0,0
无锡科技职业学院,0,0,0
南京铁道职业技术学院,0,0,0
江苏联合职业技术学院,0,0,0
无锡工艺职业技术学院,0,0,0
南京机电职业技术学院,0,0,0
无锡城市职业技术学院,0,0,0
扬州环境资源职业技术学院,0,0,0
苏州健雄职业技术学院,0,0,0
江苏财经职业技术学院,0,0,0
苏州工业职业技术学院,0,0,0
盐城工业职业技术学院,0,0,0
黑龙江生物科技职业学院,0,0,0
黑龙江民族职业学院,0,0,0
七台河职业学院,0,0,0
黑龙江信息技术职业学院,0,0,0
黑龙江公安警官职业学院,0,0,0
黑龙江商业职业学院,0,0,0
黑龙江旅游职业技术学院,0,0,0
黑龙江煤炭职业技术学院,0,0,0
黑龙江交通职业技术学院,0,0,0
哈尔滨科学技术职业学院,0,0,0
通辽职业学院,0,0,0
内蒙古电子信息职业技术学院,0,0,0
乌兰察布职业学院,0,0,0
乌海职业技术学院,0,0,0
内蒙古机电职业技术学院,0,0,0
内蒙古化工职业学院,0,0,0
内蒙古商贸职业学院,0,0,0
包头铁道职业技术学院,0,0,0
辽宁装备制造职业技术学院,0,0,0
辽河石油职业技术学院,0,0,0
辽宁职业学院,0,0,0
辽宁地质工程职业学院,0,0,0
辽宁铁道职业技术学院,0,0,0
辽宁建筑职业学院,0,0,0
松原职业技术学院,0,0,0
吉林铁道职业技术学院,0,0,0
白城职业技术学院,0,0,0
长白山职业技术学院,0,0,0
齐齐哈尔高等师范专科学校,0,0,0
黑龙江幼儿师范高等专科学校,0,0,0
山西体育职业学院,0,0,0
山西警官职业学院,0,0,0
山西国际商务职业学院,0,0,0
忻州职业技术学院,0,0,0
山西经贸职业学院,0,0,0
朔州职业技术学院,0,0,0
包头钢铁职业技术学院,0,0,0
锡林郭勒职业学院,0,0,0
内蒙古交通职业技术学院,0,0,0
科尔沁艺术职业学院,0,0,0
石家庄科技工程职业学院,0,0,0
运城幼儿师范高等专科学校,0,0,0
山西省财政税务专科学校,0,0,0
晋中职业技术学院,0,0,0
山西运城农业职业技术学院,0,0,0
太原旅游职业学院,0,0,0
山西管理职业学院,0,0,0
潞安职业技术学院,0,0,0
山西金融职业学院,0,0,0
重庆人文科技学院,0,0,0
云南艺术学院文华学院,0,0,0
新疆财经大学商务学院,0,0,0
江苏建康职业学院,0,0,0
衢州学院,0,0,0
北京劳动保障职业学院,0,0,0
北京社会管理职业学院,0,0,0
天津工艺美术职业学院,0,0,0
天津艺术职业学院,0,0,0
天津国土资源和房屋职业学院,0,0,0
河北机电职业技术学院,0,0,0
河北司法警官职业学院,0,0,0
廊坊职业技术学院,0,0,0
河北女子职业技术学院,0,0,0
河北旅游职业学院,0,0,0
冀中职业学院,0,0,0
新疆职业大学,0,0,0
天津商业大学宝德学院,0,0,0
大连工业大学艺术与信息工程学院,0,0,0
辽宁医学院医疗学院,0,0,0
黑龙江工程学院昆仑旅游学院,0,0,0
上海视觉艺术学院,0,0,0
杭州师范大学钱江学院,0,0,0
东华理工大学长江学院,0,0,0
青岛农业大学海都学院,0,0,0
华中师范大学武汉传媒学院,0,0,0
兰州资源环境职业技术学院,0,0,0
甘肃交通职业技术学院,0,0,0
武威职业学院,0,0,0
甘肃钢铁职业技术学院,0,0,0
青海卫生职业技术学院,0,0,0
宁夏民族职业技术学院,0,0,0
宁夏工商职业技术学院,0,0,0
新疆兵团警官高等专科学校,0,0,0
新疆石河子职业技术学院,0,0,0
新疆交通职业技术学院,0,0,0
陕西铁路工程职业技术学院,0,0,0
铜川职业技术学院,0,0,0
安康职业技术学院,0,0,0
渭南职业技术学院,0,0,0
甘肃医学院,0,0,0
陇南师范高等专科学校,0,0,0
定西师范高等专科学校,0,0,0
甘肃农业职业技术学院,0,0,0
甘肃畜牧工程职业技术学院,0,0,0
滇西科技师范学院,0,0,0
德宏师范高等专科学校,0,0,0
丽江师范高等专科学校,0,0,0
云南林业职业技术学院,0,0,0
云南体育运动职业技术学院,0,0,0
云南文化艺术职业学院,0,0,0
云南热带作物职业学院,0,0,0
云南机电职业技术学院,0,0,0
云南国防工业职业技术学院,0,0,0
云南锡业职业技术学院,0,0,0
四川城市职业学院,0,0,0
四川现代职业学院,0,0,0
遵义医药高等专科学校,0,0,0
贵阳护理职业学院,0,0,0
黔西南民族职业技术学院,0,0,0
贵州轻工职业技术学院,0,0,0
毕节职业技术学院,0,0,0
保山中医药高等专科学校,0,0,0
曲靖医学高等专科学校,0,0,0
楚雄医药高等专科学校,0,0,0
四川管理职业学院,0,0,0
四川邮电职业技术学院,0,0,0
四川化工职业技术学院,0,0,0
四川水利职业技术学院,0,0,0
四川司法警官职业学院,0,0,0
四川信息职业技术学院,0,0,0
广安职业技术学院,0,0,0
四川商务职业学院,0,0,0
四川财经职业学院,0,0,0
四川艺术职业学院,0,0,0
拉萨师范高等专科学校,0,0,0
西藏职业技术学院,0,0,0
延安职业技术学院,0,0,0
汉中职业技术学院,0,0,0
商洛职业技术学院,0,0,0
西安职业技术学院,0,0,0
咸阳职业技术学院,0,0,0
陕西经济管理职业技术学院,0,0,0
宝鸡职业技术学院,0,0,0
陕西航空职业技术学院,0,0,0
重庆工商职业学院,0,0,0
重庆水利电力职业技术学院,0,0,0
重庆工贸职业技术学院,0,0,0
重庆电子工程职业学院,0,0,0
重庆财经职业学院,0,0,0
重庆科创职业学院,0,0,0
重庆建筑工程职业学院,0,0,0
四川中医药高等专科学校,0,0,0
内江职业技术学院,0,0,0
成都职业技术学院,0,0,0
广西理工职业技术学院,0,0,0
梧州职业学院,0,0,0
海南软件职业技术学院,0,0,0
海南科技职业学院,0,0,0
重庆三峡医药高等专科学校,0,0,0
重庆医药高等专科学校,0,0,0
重庆城市管理职业学院,0,0,0
重庆城市职业学院,0,0,0
重庆青年职业技术学院,0,0,0
重庆机电职业技术学院,0,0,0
广州体育职业技术学院,0,0,0
江门职业技术学院,0,0,0
广东科贸职业学院,0,0,0
茂名职业技术学院,0,0,0
中山职业技术学院,0,0,0
广州科技贸易职业学院,0,0,0
中山火炬职业技术学院,0,0,0
广东理工职业学院,0,0,0
广州城市职业学院,0,0,0
广东体育职业技术学院,0,0,0
广东食品药品职业学院,0,0,0
广西现代职业技术学院,0,0,0
北海职业学院,0,0,0
广西电力职业技术学院,0,0,0
广西工业职业技术学院,0,0,0
柳州铁道职业技术学院,0,0,0
广西工商职业技术学院,0,0,0
百色职业学院,0,0,0
柳州城市职业学院,0,0,0
湖南化工职业技术学院,0,0,0
怀化职业技术学院,0,0,0
湖南理工职业技术学院,0,0,0
湖南安全技术职业学院,0,0,0
长沙师范学院,0,0,0
湘西民族职业技术学院,0,0,0
益阳职业技术学院,0,0,0
湖南电气职业技术学院,0,0,0
湖南汽车工程职业学院,0,0,0
湖南城建职业技术学院,0,0,0
武汉工业职业技术学院,0,0,0
湖北生态工程职业技术学院,0,0,0
三峡电力职业学院,0,0,0
湖北财税职业学院,0,0,0
武汉软件工程职业学院,0,0,0
湖北青年职业学院,0,0,0
湖北工程职业学院,0,0,0
益阳医学高等专科学校,0,0,0
湖南中医药高等专科学校,0,0,0
邵阳医学高等专科学校,0,0,0
湖南信息职业技术学院,0,0,0
长沙电力职业技术学院,0,0,0
湖南水利水电职业技术学院,0,0,0
湖南现代物流职业技术学院,0,0,0
湖南高速铁路职业技术学院,0,0,0
湖南铁路科技职业技术学院,0,0,0
湖南工艺美术职业学院,0,0,0
湖南民族职业学院,0,0,0
湖南财经工业职业技术学院,0,0,0
湖南石油化工职业技术学院,0,0,0
郑州工业安全职业学院,0,0,0
郑州信息科技职业学院,0,0,0
郑州旅游职业学院,0,0,0
河南建筑职业技术学院,0,0,0
周口科技职业学院,0,0,0
荆州理工职业学院,0,0,0
江汉艺术职业学院,0,0,0
湖北艺术职业学院,0,0,0
湖北生物科技职业学院,0,0,0
咸宁职业技术学院,0,0,0
湖南网络工程职业学院,0,0,0
长沙职业技术学院,0,0,0
长沙商贸旅游职业技术学院,0,0,0
邵阳职业技术学院,0,0,0
湖南外贸职业学院,0,0,0
湖南科技工业职业技术学院,0,0,0
肇庆医学高等专科学校,0,0,0
广州工程技术职业学院,0,0,0
珠海城市职业技术学院,0,0,0
广州铁路职业技术学院,0,0,0
枣庄职业学院,0,0,0
临沂职业学院,0,0,0
山东传媒职业学院,0,0,0
山东化工职业学院,0,0,0
山东商务职业学院,0,0,0
山东经贸职业学院,0,0,0
济南职业学院,0,0,0
山东电子职业技术学院,0,0,0
山东轻工职业学院,0,0,0
山东铝业职业学院,0,0,0
菏泽家政职业学院,0,0,0
河南工业贸易职业学院,0,0,0
河南交通职业技术学院,0,0,0
河南经贸职业学院,0,0,0
河南农业职业学院,0,0,0
河南质量工程职业学院,0,0,0
漯河医学高等专科学校,0,0,0
南阳医学高等专科学校,0,0,0
商丘医学高等专科学校,0,0,0
信阳职业技术学院,0,0,0
山东中医药高等专科学校,0,0,0
淄博师范高等专科学校,0,0,0
山东科技职业学院,0,0,0
山东城市建设职业学院,0,0,0
烟台汽车工程职业学院,0,0,0
山东司法警官职业学院,0,0,0
泰山职业技术学院,0,0,0
山东工业职业学院,0,0,0
德州职业技术学院,0,0,0
烟台工程职业技术学院,0,0,0
银川能源学院,0,0,0
新疆能源职业技术学院,0,0,0
新疆天山职业技术学院,0,0,0
新疆现代职业技术学院,0,0,0
漳州城市职业学院,0,0,0
福建卫生职业技术学院,0,0,0
南昌师范高等专科学校,0,0,0
江西中医药高等专科学校,0,0,0
江西泰豪动漫职业学院,0,0,0
江西枫林涉外经贸职业学院,0,0,0
广西工程职业学院,0,0,0
广西外国语学院,0,0,0
广西演艺职业学院,0,0,0
北海艺术设计学院,0,0,0
桂林山水职业学院,0,0,0
三亚城市职业学院,0,0,0
重庆工程学院,0,0,0
四川科技职业学院,0,0,0
四川华新现代职业学院,0,0,0
四川文化传媒职业学院,0,0,0
广州松田职业学院,0,0,0
广东文理职业学院,0,0,0
广州涉外经济职业技术学院,0,0,0
广州城建职业学院,0,0,0
广州华南商贸职业学院,0,0,0
广州现代信息工程职业技术学院,0,0,0
广州华立科技职业学院,0,0,0
广西英华国际职业学院,0,0,0
广西城市职业学院,0,0,0
江西生物科技职业学院,0,0,0
江西航空职业技术学院,0,0,0
江西工程职业学院,0,0,0
江西青年职业学院,0,0,0
宜春职业技术学院,0,0,0
江西应用工程职业学院,0,0,0
江西经济管理职业学院,0,0,0
上饶职业技术学院,0,0,0
江西农业工程职业学院,0,0,0
江西卫生职业学院,0,0,0
商丘工学院,0,0,0
武汉工贸职业学院,0,0,0
黄冈科技职业学院,0,0,0
武昌职业学院,0,0,0
湖北科技职业学院,0,0,0
湖南九嶷职业技术学院,0,0,0
湖南都市职业学院,0,0,0
湖南软件职业学院,0,0,0
长沙南方职业学院,0,0,0
潇湘职业学院,0,0,0
湖南外国语职业学院,0,0,0
湖南应用技术学院,0,0,0
湖南电子科技职业学院,0,0,0
湖南信息学院,0,0,0
广东理工学院,0,0,0
广东科技学院,0,0,0
惠州经济职业技术学院,0,0,0
广州科技职业技术学院,0,0,0
广州工商学院,0,0,0
广州珠江职业技术学院,0,0,0
贵州城市职业学院,0,0,0
云南新兴职业学院,0,0,0
云南经济管理学院,0,0,0
云南工程职业学院,0,0,0
云南城市建设职业学院,0,0,0
云南工商学院,0,0,0
西安汽车科技职业学院,0,0,0
西安交通工程学院,0,0,0
陕西电子科技职业学院,0,0,0
陕西旅游烹饪职业学院,0,0,0
山东现代学院,0,0,0
青岛黄海学院,0,0,0
山东华宇工学院,0,0,0
山东协和学院,0,0,0
山东外事翻译职业学院,0,0,0
山东杏林科技职业学院,0,0,0
黄河交通学院,0,0,0
郑州电子信息职业技术学院,0,0,0
嵩山少林武术职业学院,0,0,0
郑州电力职业技术学院,0,0,0
福州黎明职业技术学院,0,0,0
厦门兴才职业技术学院,0,0,0
福州软件职业技术学院,0,0,0
泉州理工职业学院,0,0,0
福州外语外贸学院,0,0,0
漳州理工职业学院,0,0,0
漳州科技职业学院,0,0,0
厦门东海职业技术学院,0,0,0
厦门南洋职业学院,0,0,0
厦门软件职业技术学院,0,0,0
福州科技职业技术学院,0,0,0
福州理工学院,0,0,0
江西工程学院,0,0,0
江西科技职业学院,0,0,0
赣西科技职业学院,0,0,0
江西应用科技学院,0,0,0
山东外国语职业学院,0,0,0
潍坊工商职业学院,0,0,0
枣庄科技职业学院,0,0,0
山东凯文科技职业学院,0,0,0
浙江长征职业技术学院,0,0,0
嘉兴南洋职业技术学院,0,0,0
浙江广厦建设职业技术学院,0,0,0
安徽绿海商务职业学院,0,0,0
合肥共达职业技术学院,0,0,0
蚌埠经济技术职业学院,0,0,0
民办合肥财经职业学院,0,0,0
安徽涉外经济职业学院,0,0,0
武夷山职业学院,0,0,0
泉州信息工程学院,0,0,0
应天职业技术学院,0,0,0
南京视觉艺术职业学院,0,0,0
建东职业技术学院,0,0,0
江海职业技术学院,0,0,0
昆山登云科技职业学院,0,0,0
江南影视艺术职业学院,0,0,0
苏州托普信息职业技术学院,0,0,0
太湖创意职业技术学院,0,0,0
金山职业技术学院,0,0,0
杭州万向职业技术学院,0,0,0
内蒙古丰州职业学院,0,0,0
内蒙古经贸外语职业学院,0,0,0
赤峰职业技术学院,0,0,0
内蒙古北方职业技术学院,0,0,0
内蒙古科技职业学院,0,0,0
大连翻译职业学院,0,0,0
辽宁传媒学院,0,0,0
吉林华桥外国语学院,0,0,0
长春信息技术职业学院,0,0,0
哈尔滨传媒职业学院,0,0,0
山东管理学院,0,0,0
山东青年政治学院,0,0,0
重庆应用技术职业学院,0,0,0
河北科技学院,0,0,0
石家庄经济职业学院,0,0,0
石家庄工商职业学院,0,0,0
山西华澳商贸职业学院,0,0,0
山西老区职业技术学院,0,0,0
山西信息职业技术学院,0,0,0
山西工商学院,0,0,0
辽宁商贸职业学院,0,0,0
黑龙江生态工程职业学院,0,0,0
山东电力高等专科学校,0,0,0
广东行政职业学院,0,0,0
山东体育学院,0,4,0
重庆第二师范学院,0,0,0
贵州师范学院,0,0,0
陕西学前师范学院,0,0,0
甘肃机电职业技术学院,0,0,0
齐鲁师范学院,0,0,0
潍坊工程职业学院,0,0,0
开封文化艺术职业学院,0,0,0
湖北第二师范学院,0,0,0
广东第二师范学院,0,0,0
成都师范学院,0,0,0
哈尔滨应用职业技术学院,0,0,0
上海工商职业技术学院,0,0,0
上海东海职业技术学院,0,0,0
上海立达职业技术学院,0,0,0
上海民远职业技术学院,0,0,0
上海欧华职业技术学院,0,0,0
上海邦德职业技术学院,0,0,0
上海震旦职业学院,0,0,0
上海中侨职业技术学院,0,0,0
苏州港大思培科技职业学院,0,0,0
广东文艺职业学院,0,0,0
广东工程职业技术学院,0,0,0
广西警察学院,0,0,0
白银矿冶职业技术学院,0,0,0
北京经济管理职业学院,0,0,0
北京政法职业学院,0,0,0
克拉玛依职业技术学院,0,0,0
昌吉职业技术学院,0,0,0
伊犁职业技术学院,0,0,0
巴音郭楞职业技术学院,0,0,0
阿克苏职业技术学院,0,0,0
新疆建设职业技术学院,0,0,0
北京警察学院,0,0,0
山西传媒学院,0,0,0
青海交通职业技术学院,0,0,0
青海建筑职业技术学院,0,0,0
宁夏理工学院,0,0,0
宁夏工业职业学院,0,0,0
宁夏职业技术学院,0,0,0
宁夏财经职业技术学院,0,0,0
宁夏司法警官职业学院,0,0,0
宁夏建设职业技术学院,0,0,0
新疆农业职业技术学院,0,0,0
新疆轻工职业技术学院,0,0,0
江苏第二师范学院,0,0,0
南昌师范学院,0,0,0
山东农业工程学院,0,0,0
山西青年职业学院,0,0,0
广东科学技术职业学院,0,0,0
大庆医学高等专科学校,0,0,0
安徽城市管理职业学院,0,0,0
闽北职业技术学院,0,0,0
福建江夏学院,0,0,0
兰州石化职业技术学院,0,0,0
甘肃工业职业技术学院,0,0,0
甘肃建筑职业技术学院,0,0,0
甘肃警察职业学院,0,0,0
甘肃林业职业技术学院,0,0,0
酒泉职业技术学院,0,0,0
兰州外语职业学院,0,0,0
兰州职业技术学院,0,0,0
青海警官职业学院,0,0,0
青海畜牧兽医职业技术学院,0,0,0
西安外事学院,0,0,0
陕西财经职业技术学院,0,0,0
陕西国防工业职业技术学院,0,0,0
陕西交通职业技术学院,0,0,0
陕西能源职业技术学院,0,0,0
陕西职业技术学院,0,0,0
西安航空职业技术学院,0,0,0
西安高新科技职业学院,0,0,0
陕西服装工程学院,0,0,0
西安城市建设职业学院,0,0,0
云南交通职业技术学院,0,0,0
昆明艺术职业学院,0,0,0
西双版纳职业技术学院,0,0,0
玉溪农业职业技术学院,0,0,0
昆明工业职业技术学院,0,0,0
云南能源职业技术学院,0,0,0
云南农业职业技术学院,0,0,0
云南司法警官职业学院,0,0,0
陕西工业职业技术学院,0,0,0
杨凌职业技术学院,0,0,0
成都农业科技职业学院,0,0,0
宜宾职业技术学院,0,0,0
成都艺术职业学院,0,0,0
四川托普信息技术职业学院,0,0,0
四川职业技术学院,0,0,0
眉山职业技术学院,0,0,0
泸州职业技术学院,0,0,0
贵州航天职业技术学院,0,0,0
乐山职业技术学院,0,0,0
雅安职业技术学院,0,0,0
贵州交通职业技术学院,0,0,0
贵州电子信息职业技术学院,0,0,0
贵州警官职业学院,0,0,0
贵州工商职业学院,0,0,0
安顺职业技术学院,0,0,0
黔东南民族职业技术学院,0,0,0
黔南民族职业技术学院,0,0,0
贵州电力职业技术学院,0,0,0
铜仁职业技术学院,0,0,0
云南国土资源职业学院,0,0,0
成都航空职业技术学院,0,0,0
四川交通职业技术学院,0,0,0
达州职业技术学院,0,0,0
四川机电职业技术学院,0,0,0
四川工程职业技术学院,0,0,0
四川电力职业技术学院,0,0,0
绵阳职业技术学院,0,0,0
四川工商职业技术学院,0,0,0
四川建筑职业技术学院,0,0,0
四川国际标榜职业学院,0,0,0
广西农业职业技术学院,0,0,0
广西生态工程职业技术学院,0,0,0
广西国际商务职业技术学院,0,0,0
海南职业技术学院,0,0,0
重庆工业职业技术学院,0,0,0
重庆工程职业技术学院,0,0,0
重庆警察学院,0,0,0
重庆信息技术职业学院,0,0,0
重庆海联职业技术学院,0,0,0
重庆三峡职业学院,0,0,0
罗定职业技术学院,0,0,0
阳江职业技术学院,0,0,0
揭阳职业技术学院,0,0,0
广东邮电职业技术学院,0,0,0
汕头职业技术学院,0,0,0
清远职业技术学院,0,0,0
广州康大职业技术学院,0,0,0
广东亚视演艺职业学院,0,0,0
广东司法警官职业学院,0,0,0
广东东软学院,0,0,0
珠海艺术职业学院,0,0,0
广西职业技术学院,0,0,0
广东工贸职业技术学院,0,0,0
广西机电职业技术学院,0,0,0
柳州职业技术学院,0,0,0
南宁职业技术学院,0,0,0
广西建设职业技术学院,0,0,0
广西水利电力职业技术学院,0,0,0
广西交通职业技术学院,0,0,0
佛山职业技术学院,0,0,0
广东新安职业技术学院,0,0,0
广东省外语艺术职业学院,0,0,0
广东机电职业技术学院,0,0,0
广东建设职业技术学院,0,0,0
广东职业技术学院,0,0,0
广东女子职业技术学院,0,0,0
广东岭南职业技术学院,0,0,0
汕尾职业技术学院,0,0,0
河源职业技术学院,0,0,0
湘潭职业技术学院,0,0,0
湖南商务职业技术学院,0,0,0
郴州职业技术学院,0,0,0
娄底职业技术学院,0,0,0
张家界航空工业职业技术学院,0,0,0
湖南工程职业技术学院,0,0,0
长沙环境保护职业技术学院,0,0,0
湖南艺术职业学院,0,0,0
湖南体育职业学院,0,0,0
湖南机电职业技术学院,0,0,0
广州民航职业技术学院,0,0,0
广东轻工职业技术学院,0,0,0
顺德职业技术学院,0,0,0
广东交通职业技术学院,0,0,0
广东水利电力职业技术学院,0,0,0
深圳信息职业技术学院,0,0,0
深圳职业技术学院,0,0,0
潮汕职业技术学院,0,0,0
广东松山职业技术学院,0,0,0
广东农工商职业技术学院,0,0,0
黄冈职业技术学院,0,0,0
襄阳职业技术学院,0,0,0
恩施职业技术学院,0,0,0
湖北交通职业技术学院,0,0,0
湖北轻工职业技术学院,0,0,0
仙桃职业学院,0,0,0
荆州职业技术学院,0,0,0
武汉工程职业技术学院,0,0,0
武汉航海职业技术学院,0,0,0
随州职业技术学院,0,0,0
长沙民政职业技术学院,0,0,0
湖南工业职业技术学院,0,0,0
湖南交通职业技术学院,0,0,0
湖南医药学院,0,0,0
湖南科技职业学院,0,0,0
湖南环境生物职业技术学院,0,0,0
湖南铁道职业技术学院,0,0,0
永州职业技术学院,0,0,0
湖南大众传媒职业技术学院,0,0,0
鹤壁职业技术学院,0,0,0
商丘职业技术学院,0,0,0
河南工业职业技术学院,0,0,0
河南司法警官职业学院,0,0,0
平顶山工业职业技术学院,0,0,0
济源职业技术学院,0,0,0
周口职业技术学院,0,0,0
武汉职业技术学院,0,0,0
武汉船舶职业技术学院,0,0,0
长江职业学院,0,0,0
武汉电力职业技术学院,0,0,0
湖北城市建设职业技术学院,0,0,0
湖北水利水电职业技术学院,0,0,0
武汉外语外事职业学院,0,0,0
武汉商贸职业学院,0,0,0
武汉科技职业学院,0,0,0
武汉信息传播职业技术学院,0,0,0
湖北开放职业学院,0,0,0
武汉警官职业学院,0,0,0
湖北文理学院理工学院,0,0,0
青岛酒店管理职业技术学院,0,0,0
东营科技职业学院,0,0,0
青岛飞洋职业技术学院,0,0,0
河南职业技术学院,0,0,0
漯河职业技术学院,0,0,0
黄河水利职业技术学院,0,0,0
三门峡职业技术学院,0,0,0
郑州铁路职业技术学院,0,0,0
濮阳职业技术学院,0,0,0
许昌职业技术学院,0,0,0
莱芜职业技术学院,0,0,0
威海职业学院,0,0,0
青岛职业技术学院,0,0,0
聊城职业技术学院,0,0,0
济宁职业技术学院,0,0,0
山东劳动职业技术学院,0,0,0
曲阜远东职业技术学院,0,0,0
烟台职业学院,0,0,0
滨州职业学院,0,0,0
潍坊职业学院,0,0,0
江西交通职业技术学院,0,0,0
江西艺术职业学院,0,0,0
江西财经职业学院,0,0,0
江西应用技术职业学院,0,0,0
鹰潭职业技术学院,0,0,0
江西现代职业技术学院,0,0,0
山东商业职业技术学院,0,0,0
日照职业技术学院,0,0,0
山东水利职业学院,0,0,0
山东职业学院,0,0,0
东营职业学院,0,0,0
山东服装职业学院,0,0,0
德州科技职业学院,0,0,0
山东力明科技职业学院,0,0,0
山东畜牧兽医职业学院,0,0,0
山东圣翰财贸职业学院,0,0,0
淄博职业学院,0,0,0
山东交通职业学院,0,0,0
山东信息职业技术学院,0,0,0
山东外贸职业学院,0,0,0
厦门华厦学院,0,0,0
漳州职业技术学院,0,0,0
泉州华光职业学院,0,0,0
福建信息职业技术学院,0,0,0
福建水利电力职业技术学院,0,0,0
福建电力职业技术学院,0,0,0
福建林业职业技术学院,0,0,0
福建农业职业技术学院,0,0,0
厦门海洋职业技术学院,0,0,0
九江职业技术学院,0,0,0
宿州职业技术学院,0,0,0
安徽广播影视职业技术学院,0,0,0
池州职业技术学院,0,0,0
滁州职业技术学院,0,0,0
宣城职业技术学院,0,0,0
安徽外国语学院,0,0,0
合肥职业技术学院,0,0,0
福建船政交通职业学院,0,0,0
福州职业技术学院,0,0,0
福州英华职业学院,0,0,0
安徽电子信息职业技术学院,0,0,0
安徽工贸职业技术学院,0,0,0
安徽工业经济职业技术学院,0,0,0
安徽交通职业技术学院,0,0,0
安徽体育运动职业技术学院,0,0,0
阜阳职业技术学院,0,0,0
合肥通用职业技术学院,0,0,0
六安职业技术学院,0,0,0
安徽文达信息工程学院,0,0,0
民办合肥经济技术职业学院,0,0,0
江西工业职业技术学院,0,0,0
江西科技学院,0,0,0
江西司法警官职业学院,0,0,0
江西电力职业技术学院,0,0,0
江西旅游商贸职业学院,0,0,0
江西机电职业技术学院,0,0,0
江西陶瓷工艺美术职业技术学院,0,0,0
江西环境工程职业学院,0,0,0
江西信息应用职业技术学院,0,0,0
江西工业工程职业技术学院,0,0,0
浙江东方职业技术学院,0,0,0
安徽职业技术学院,0,0,0
淮北职业技术学院,0,0,0
芜湖职业技术学院,0,0,0
铜陵职业技术学院,0,0,0
安徽商贸职业技术学院,0,0,0
安徽警官职业学院,0,0,0
安徽水利水电职业技术学院,0,0,0
淮南职业技术学院,0,0,0
浙江金融职业学院,0,0,0
浙江经济职业技术学院,0,0,0
浙江建设职业技术学院,0,0,0
浙江经贸职业技术学院,0,0,0
浙江育英职业技术学院,0,0,0
绍兴职业技术学院,0,0,0
嘉兴职业技术学院,0,0,0
湖州职业技术学院,1,0,0
衢州职业技术学院,0,0,0
丽水职业技术学院,0,0,0
常州机电职业技术学院,0,0,0
徐州工业职业技术学院,0,0,0
江苏食品药品职业技术学院,0,0,0
江苏农林职业技术学院,0,0,0
江苏信息职业技术学院,0,0,0
南京特殊教育师范学院,0,0,0
浙江艺术职业学院,0,0,0
浙江交通职业技术学院,0,0,0
杭州职业技术学院,0,0,0
义乌工商职业技术学院,0,0,0
西南科技大学城市学院,0,0,0
福建农林大学金山学院,0,0,0
天津财经大学珠江学院,0,0,0
山东政法学院,0,0,0
北京师范大学-香港浸会大学联合国际学院,0,0,0
浙江大学宁波理工学院,0,0,0
北京师范大学珠海分校,0,0,0
大连理工大学城市学院,0,0,0
浙江大学城市学院,0,0,0
武汉东湖学院,0,0,0
聊城大学东昌学院,0,0,0
商丘学院,0,0,0
长安大学兴华学院,0,0,0
武汉设计工程学院,0,0,0
西南财经大学天府学院,0,0,0
四川大学锦江学院,0,0,0
郑州成功财经学院,0,0,0
西安理工大学高科学院,0,0,0
西安科技大学高新学院,0,0,0
四川文化艺术学院,0,0,0
苏州大学文正学院,0,0,0
苏州大学应用技术学院,0,0,0
苏州科技学院天平学院,0,0,0
扬州大学广陵学院,0,0,0
江苏师范大学科文学院,0,0,0
南京财经大学红山学院,0,0,0
南通大学杏林学院,0,0,0
青岛工学院,0,0,0
齐鲁理工学院,0,0,0
山东师范大学历山学院,0,0,0
黑河学院,0,0,0
南京理工大学泰州科技学院,0,0,0
东莞理工学院城市学院,0,0,0
北京航空航天大学北海学院,0,0,0
上海师范大学天华学院,0,0,0
中山大学新华学院,0,0,0
四川大学锦城学院,0,0,0
南京师范大学中北学院,0,0,0
南京医科大学康达学院,0,0,0
南京中医药大学翰林学院,0,0,0
遵义医学院医学与科技学院,0,0,0
南京理工大学紫金学院,0,0,0
广东工业大学华立学院,0,0,0
广州大学松田学院,0,0,0
成都理工大学工程技术学院,0,0,0
四川工商学院,0,0,0
西安交通大学城市学院,0,0,0
西北大学现代学院,0,0,0
成都医学院,0,0,0
吉林医药学院,1,0,0
炎黄职业技术学院,0,0,0
金肯职业技术学院,0,0,0
南通理工学院,0,0,0
九州职业技术学院,0,0,0
硅湖职业技术学院,0,0,0
江阴职业技术学院,0,0,0
宿迁学院,0,0,0
南京信息职业技术学院,0,0,0
常州工程职业技术学院,0,0,0
常州轻工职业技术学院,0,0,0
吉林师范大学博达学院,0,0,0
长春大学旅游学院,0,0,0
山东科技大学泰山科技学院,0,0,0
石河子大学科技学院,0,0,0
上海外国语大学贤达经济人文学院,0,0,0
温州大学城市学院,0,0,0
广西师范大学漓江学院,0,0,0
广西师范学院师园学院,0,0,0
南京大学金陵学院,0,0,0
贵州民族大学人文科技学院,0,0,0
新疆大学科学技术学院,0,0,0
新疆农业大学科学技术学院,0,0,0
无锡太湖学院,0,0,0
重庆师范大学涉外商贸学院,0,0,0
吉林动画学院,0,0,0
安徽工程大学机电学院,0,0,0
安徽工业大学工商学院,0,0,0
安徽师范大学皖江学院,0,0,0
安徽医科大学临床医学院,0,0,0
阜阳师范学院信息工程学院,0,0,0
宁波职业技术学院,0,0,0
温州职业技术学院,0,0,0
浙江工商职业技术学院,0,0,0
浙江工贸职业技术学院,0,0,0
台州职业技术学院,0,0,0
浙江机电职业技术学院,0,0,0
浙江商业职业技术学院,0,0,0
浙江警官职业学院,0,0,0
浙江工业职业技术学院,0,0,0
浙江旅游职业学院,0,0,0
阳光学院,0,0,0
福州大学至诚学院,0,0,0
河南师范大学新联学院,0,0,0
信阳师范学院华锐学院,0,0,0
安阳师范学院人文管理学院,0,0,0
河南理工大学万方科技学院,0,0,0
兰州交通大学博文学院,0,0,0
兰州理工大学技术工程学院,0,0,0
山西大学商务学院,0,0,0
山西农业大学信息学院,0,0,0
绍兴文理学院元培学院,0,0,0
温州大学瓯江学院,0,0,0
浙江工商大学杭州商学院,0,0,0
嘉兴学院南湖学院,0,0,0
浙江财经大学东方学院,0,0,0
哈尔滨石油学院,0,0,0
哈尔滨剑桥学院,0,0,0
青岛理工大学琴岛学院,0,0,0
中国石油大学胜利学院,0,0,0
赣南师范学院科技学院,0,0,0
浙江工业大学之江学院,0,0,0
浙江师范大学行知学院,0,0,0
宁波大学科学技术学院,0,0,0
杭州电子科技大学信息工程学院,0,0,0
浙江理工大学科技与艺术学院,0,0,0
浙江海洋学院东海科学技术学院,0,0,0
浙江农林大学暨阳学院,0,0,0
温州医科大学仁济学院,0,0,0
浙江中医药大学滨江学院,0,0,0
湖州师范学院求真学院,0,0,0
湘潭大学兴湘学院,0,0,0
重庆大学城市科技学院,0,0,0
华南理工大学广州学院,0,0,0
广州大学华软软件学院,0,0,0
中山大学南方学院,0,0,0
广东外语外贸大学南国商学院,0,0,0
广东财经大学华商学院,0,0,0
广东海洋大学寸金学院,0,0,0
华南农业大学珠江学院,0,0,0
湖南师范大学树达学院,0,0,0
武汉大学珞珈学院,0,0,0
沈阳城市建设学院,0,0,0
大连医科大学中山学院,0,0,0
辽宁师范大学海华学院,0,0,0
湖北工业大学工程技术学院,0,0,0
湖北民族学院科技学院,0,0,0
湖北经济学院法商学院,0,0,0
武汉体育学院体育科技学院,0,0,0
湖北理工学院,0,0,0
湖北工程学院新技术学院,0,0,0
湖南文理学院芙蓉学院,0,0,0
湖南理工学院南湖学院,0,0,0
衡阳师范学院南岳学院,0,0,0
湖南中医药大学湘杏学院,0,0,0
广东技术师范学院天河学院,0,0,0
东南大学成贤学院,0,0,0
西安欧亚学院,0,0,0
上海建桥学院,0,0,0
福建师范大学闽南科技学院,0,0,0
福建农林大学东方学院,0,0,0
邢台医学高等专科学校,0,0,0
湖北中医药高等专科学校,0,0,0
湖南城市学院,2,0,0
焦作师范高等专科学校,0,0,0
安徽中医药高等专科学校,0,0,0
郑州师范学院,0,0,0
山东理工大学,0,21,0
中央司法警官学院,2,0,0
安徽新华学院,0,0,0
烟台南山学院,0,0,0
中华女子学院,0,0,0
九江学院,18,0,0
浙江医药高等专科学校,0,0,0
泰州学院,0,0,0
湖北经济学院,0,0,0
鹤岗师范高等专科学校,0,0,0
唐山学院,0,0,0
安徽医学高等专科学校,0,0,0
邵阳学院,3,0,0
亳州师范高等专科学校,0,0,0
连云港师范高等专科学校,0,0,0
上海应用技术学院,0,0,0
济南大学,10,164,3
内蒙古民族大学,0,19,0
福建农林大学,1,23,11
湖南工程学院,0,0,0
南京工程学院,0,0,0
陕西理工学院,0,27,0
西安财经学院,4,5,0
山西警官高等专科学校,0,0,0
哈尔滨学院,0,0,0
黑龙江工程学院,4,18,0
南京晓庄学院,0,0,0
皖西学院,0,0,0
潍坊学院,0,0,0
三峡大学,0,20,2
南华大学,0,107,11
四川警察学院,0,0,0
宜春学院,5,0,0
黑龙江东方学院,0,0,0
河北经贸大学,0,70,0
河北医科大学,10,40,16
河北农业大学,1,97,42
北京工商大学,0,32,1
内蒙古农业大学,7,94,48
北华大学,7,133,0
新疆医科大学,5,53,4
嘉兴学院,0,0,0
长春工程学院,1,0,0
郑州澍青医学高等专科学校,0,0,0
天津医学高等专科学校,0,0,0
佛山科学技术学院,0,0,0
广东外语外贸大学,0,48,12
广东工业大学,0,90,31
首都经济贸易大学,1,23,7
三江学院,0,0,0
哈尔滨理工大学,25,52,17
武汉科技大学,28,52,6
重庆电力高等专科学校,0,0,0
上海杉达学院,0,0,0
黄河科技学院,0,0,0
上海政法学院,0,0,0
桂林旅游学院,0,0,0
民办四川天一学院,0,0,0
浙江树人学院,0,0,0
长沙航空职业技术学院,0,0,0
集美大学,0,63,0
宝鸡文理学院,0,0,0
青岛大学,2,178,35
呼和浩特民族学院,0,0,0
长春大学,2,0,0
上海出版印刷高等专科学校,0,0,0
西安航空学院,0,0,0
河南城建学院,1,0,0
防灾科技学院,0,0,0
承德石油高等专科学校,0,0,0
仰恩大学,0,0,0
河南警察学院,0,0,0
兰州工业学院,0,0,0
宁波大学,6,33,14
河南财政税务高等专科学校,0,0,0
南阳理工学院,0,0,0
武汉商学院,0,0,0
广东石油化工学院,0,0,0
海南师范大学,0,12,0
重庆理工大学,0,50,0
四川民族学院,0,0,0
西安邮电大学,6,45,0
山东工商学院,0,0,0
成都纺织高等专科学校,0,0,0
文山学院,0,0,0
昆明冶金高等专科学校,0,0,0
甘肃民族师范学院,0,0,0
兰州文理学院,0,0,0
乌鲁木齐职业大学,0,0,0
中国青年政治学院,0,6,0
北京青年政治学院,0,0,0
河套学院,0,0,0
淮海工学院,0,5,0
新余学院,0,0,0
山东交通学院,0,0,0
焦作大学,0,0,0
武汉音乐学院,4,7,0
扬州市职业大学,0,0,0
湖南财政经济学院,0,0,0
湖南警察学院,0,0,0
江苏理工学院,0,0,0
南京森林警察学院,0,0,0
浙江水利水电学院,0,0,0
浙江财经大学,24,50,1
湖南女子学院,0,0,0
广西科技师范学院,0,0,0
莆田学院,0,0,0
福建华南女子职业学院,0,0,0
辽宁省交通高等专科学校,0,0,0
南宁学院,0,0,0
四川旅游学院,0,0,0
江西警察学院,0,0,0
九江职业大学,0,0,0
海南医学院,2,10,6
新疆维吾尔医学专科学校,0,0,0
东莞理工学院,0,0,0
邢台职业技术学院,0,0,0
长春医学高等专科学校,0,0,0
桂林师范高等专科学校,0,0,0
桂林航天工业学院,0,0,0
西安电力高等专科学校,0,0,0
郑州电力高等专科学校,0,0,0
首钢工学院,0,0,0
北方民族大学,0,31,0
北京联合大学,24,3,0
北京城市学院,0,0,0
集宁师范学院,0,0,0
辽宁警察学院,0,0,0
长春汽车工业高等专科学校,0,0,0
长春金融高等专科学校,0,0,0
吉林警察学院,0,0,0
佳木斯大学,0,34,0
黑龙江工业学院,0,0,0
阜新高等专科学校,0,0,0
大连民族大学,6,18,0
大连大学,0,35,0
南京审计学院,0,0,0
沙洲职业工学院,0,0,0
温州大学,0,45,0
淮南联合大学,0,0,0
福建商业高等专科学校,0,0,0
江西科技师范大学,7,37,0
信阳农林学院,0,0,0
湖南科技学院,0,0,0
河南机电高等专科学校,0,0,0
湖北警官学院,0,0,0
鄂州职业大学,0,0,0
五邑大学,4,27,0
广西体育高等专科学校,0,0,0
攀枝花学院,6,0,0
玉溪师范学院,0,0,0
楚雄师范学院,0,0,0
甘肃政法学院,0,0,0
广东警官学院,0,0,0
民办南华工商学院,0,0,0
成都工业学院,0,0,0
扬州大学,2,44,11
私立华联学院,0,0,0
齐齐哈尔医学院,3,0,0
北京信息科技大学,0,54,0
河北体育学院,1,0,0
太原学院,0,0,0
辽宁农业职业技术学院,0,0,0
开封大学,0,0,0
洛阳理工学院,0,0,0
新乡学院,0,0,0
江汉大学,0,16,0
广州大学,5,177,20
成都学院,0,0,0
三亚学院,0,0,0
华北科技学院,0,0,0
中国人民武装警察部队学院,0,7,0
广州航海学院,0,0,0
湖北医药学院,8,0,0
六盘水师范学院,0,0,0
新疆工程学院,0,0,0
新疆警察学院,0,0,0
昌吉学院,0,0,0
天津市职业大学,0,0,0
沈阳大学,0,10,0
抚顺职业技术学院,0,0,0
牡丹江大学,0,0,0
淮阴工学院,0,0,0
上海工程技术大学,0,4,0
青岛滨海学院,0,0,0
浙江万里学院,0,2,0
安徽建筑大学,0,31,0
景德镇学院,0,0,0
萍乡学院,0,0,0
枣庄学院,0,0,0
山东工艺美术学院,0,0,0
平顶山学院,0,0,0
湖北科技学院,10,0,0
天水师范学院,0,0,0
河西学院,0,0,0
兰州财经大学,0,29,0
青海师范大学,0,10,0
青海民族大学,0,62,0
宁夏医科大学,1,28,0
塔里木大学,0,24,0
新疆农业大学,7,37,6
新疆师范大学,0,112,0
喀什大学,0,12,0
西藏民族大学,0,6,0
西藏藏医学院,0,0,0
西安理工大学,26,83,30
西安工业大学,0,29,3
西安建筑科技大学,29,66,29
陕西科技大学,4,88,18
西安工程大学,7,25,1
陕西中医药大学,3,18,0
延安大学,3,23,0
咸阳师范学院,13,0,0
镇江市高等专科学校,0,0,0
南通职业大学,0,0,0
徐州工程学院,2,0,0
常州工学院,0,0,0
浙江科技学院,3,3,0
宁波工程学院,1,0,0
合肥学院,0,0,0
烟台大学,5,20,0
铁道警察学院,0,0,0
中州大学,0,0,0
渭南师范学院,0,0,0
西安外国语大学,3,43,0
西安体育学院,4,7,0
西安音乐学院,0,12,0
西安美术学院,1,2,1
兰州理工大学,0,77,25
甘肃农业大学,1,43,19
甘肃中医药大学,5,16,0
西北师范大学,2,189,57
兰州城市学院,0,0,0
贵州医科大学,0,51,1
遵义医学院,8,17,0
贵阳中医学院,0,0,0
贵州师范大学,8,44,0
遵义师范学院,0,0,0
兴义民族师范学院,0,0,0
黔南民族师范学院,0,0,0
贵州财经大学,16,23,0
贵州民族大学,0,6,0
昆明理工大学,54,185,49
云南农业大学,17,34,5
西南林业大学,5,53,0
昆明医科大学,14,33,1
大理大学,5,0,0
云南中医学院,7,19,0
云南师范大学,14,156,8
昭通学院,0,0,0
曲靖师范学院,2,0,0
普洱学院,0,0,0
云南艺术学院,4,6,0
四川文理学院,0,0,0
阿坝师范学院,0,0,0
长江师范学院,0,0,0
乐山师范学院,0,0,0
四川外国语大学,0,0,0
西南政法大学,2,48,10
成都体育学院,0,0,0
四川音乐学院,1,2,0
四川美术学院,0,0,0
贵州理工学院,0,0,0
中国民用航空飞行学院,0,0,0
重庆医科大学,33,59,28
四川医科大学,0,21,0
成都中医药大学,4,56,19
川北医学院,0,22,2
四川师范大学,23,64,2
绵阳师范学院,0,0,0
内江师范学院,0,0,0
宜宾学院,0,0,0
重庆三峡学院,0,0,0
伊犁师范学院,0,3,0
和田师范专科学校,0,0,0
新疆艺术学院,0,0,0
天津城建大学,0,0,0
河北科技师范学院,2,4,0
山西中医学院,5,3,0
吕梁学院,0,0,0
呼伦贝尔学院,7,0,0
广东白云学院,0,0,0
公安海警学院,0,0,0
桂林电子科技大学,21,34,1
桂林理工大学,7,16,0
广西医科大学,11,43,9
右江民族医学院,0,0,0
广西中医药大学,6,45,0
桂林医学院,0,0,0
广西师范大学,14,172,12
广西师范学院,0,19,0
广西民族师范学院,0,0,0
河池学院,0,0,0
肇庆学院,0,0,0
嘉应学院,0,0,0
广东培正学院,0,0,0
广州体育学院,2,5,0
广州美术学院,2,3,0
星海音乐学院,0,0,0
广东技术师范学院,0,4,0
深圳大学,11,55,12
广西科技大学,0,0,0
广东财经大学,0,17,1
玉林师范学院,0,0,0
广西艺术学院,0,41,0
广西民族大学,5,42,0
华南农业大学,5,23,12
百色学院,0,0,0
西南石油大学,3,18,28
广东海洋大学,3,21,0
广州医科大学,8,28,1
广东医学院,18,13,0
成都理工大学,5,136,41
重庆邮电大学,0,38,0
重庆交通大学,0,65,15
广州中医药大学,6,24,19
广东药学院,16,27,0
西南科技大学,1,21,3
成都信息工程大学,0,0,0
韶关学院,4,0,0
惠州学院,0,0,0
韩山师范学院,0,0,0
岭南师范学院,17,0,0
吉首大学,0,20,0
湖南农业大学,2,99,50
中南林业科技大学,3,84,0
湖南中医药大学,31,23,14
湖南理工学院,4,0,0
衡阳师范学院,3,0,0
怀化学院,0,0,0
湖南文理学院,4,0,0
湖南商学院,4,0,0
汕头大学,1,94,26
黄冈师范学院,0,14,0
湖北民族学院,5,6,0
郧阳师范高等专科学校,0,0,0
湖北文理学院,2,0,0
武汉体育学院,6,8,0
湖北美术学院,1,0,0
中南民族大学,13,104,7
湖北汽车工业学院,0,0,0
湖北工程学院,1,0,0
湘潭大学,15,139,17
聊城大学,10,120,0
德州学院,0,0,0
临沂大学,0,0,0
泰山学院,1,0,0
山东财经大学,0,73,0
山东艺术学院,0,8,0
郑州轻工业学院,4,62,0
河南科技大学,0,171,3
中原工学院,17,49,0
河南农业大学,3,80,29
洛阳师范学院,0,0,0
商丘师范学院,0,0,0
河南财经政法大学,0,61,0
郑州航空工业管理学院,0,0,0
武汉工程大学,15,55,5
武汉纺织大学,11,44,0
武汉轻工大学,0,51,0
湖北中医药大学,16,23,13
湖北大学,19,125,9
湖北师范学院,5,26,0
江西中医药大学,0,30,0
赣南医学院,5,0,0
江西师范大学,8,52,29
上饶师范学院,5,0,0
赣南师范学院,0,75,0
江西财经大学,1,102,30
山东科技大学,1,151,51
青岛科技大学,0,122,24
山东建筑大学,0,66,0
齐鲁工业大学,0,45,0
福建中医药大学,0,42,15
福建师范大学,1,50,19
闽江学院,0,0,0
宁德师范学院,0,0,0
泉州师范学院,0,0,0
闽南师范大学,30,33,0
华东交通大学,13,17,0
南昌航空大学,1,79,0
景德镇陶瓷学院,0,23,0
江西农业大学,1,19,3
中国计量学院,11,35,0
安徽工业大学,0,40,2
安徽理工大学,6,72,20
安徽工程大学,0,51,0
安徽农业大学,1,96,37
安徽医科大学,12,74,26
蚌埠医学院,6,34,0
皖南医学院,0,34,0
安徽中医药大学,17,29,2
安徽师范大学,17,154,50
山东农业大学,2,99,59
青岛农业大学,0,91,0
潍坊医学院,9,56,0
泰山医学院,5,41,0
滨州医学院,6,29,0
山东中医药大学,0,26,15
济宁医学院,4,0,0
菏泽医学专科学校,0,0,0
山东师范大学,2,184,86
曲阜师范大学,0,41,7
浙江海洋学院,3,21,0
浙江农林大学,11,21,0
温州医科大学,4,8,1
浙江中医药大学,25,46,14
浙江师范大学,19,29,0
杭州师范大学,6,39,0
湖州师范学院,4,1,0
绍兴文理学院,3,3,0
台州学院,9,0,0
中国美术学院,1,0,0
上海戏剧学院,0,0,0
上海公安高等专科学校,0,0,0
南京工业大学,1,127,41
常州大学,0,49,1
南京林业大学,6,100,46
江苏大学,2,170,42
南阳职业学院,0,0,0
盐城工学院,0,0,0
南京医科大学,3,84,55
徐州医学院,5,28,0
河南牧业经济学院,0,0,0
河南中医学院,7,55,0
新乡医学院,19,9,0
河南大学,0,42,12
河南师范大学,20,160,17
信阳师范学院,8,67,0
周口师范学院,0,0,0
安阳师范学院,0,0,0
许昌学院,0,0,0
南阳师范学院,0,0,0
南京中医药大学,3,38,25
江苏师范大学,0,31,0
淮阴师范学院,0,0,0
盐城师范学院,0,0,0
江苏警官学院,0,0,0
南京体育学院,0,5,0
南京艺术学院,0,5,5
常熟理工学院,0,0,0
浙江工业大学,0,125,30
浙江理工大学,0,106,14
阜阳师范学院,18,0,0
安庆师范学院,9,4,0
淮北师范大学,0,76,0
黄山学院,0,0,0
哈尔滨金融学院,0,0,0
巢湖学院,0,0,0
淮南师范学院,0,0,0
上海理工大学,0,112,37
上海电力学院,0,8,0
上海海洋大学,1,55,24
铜陵学院,0,0,0
华侨大学,1,124,21
福建工程学院,0,0,0
上海中医药大学,4,23,15
福建医科大学,1,62,29
上海师范大学,2,93,24
上海对外经贸大学,0,32,0
华东政法大学,1,34,12
上海体育学院,11,12,7
上海音乐学院,0,3,3
长春师范大学,2,6,0
白城师范学院,1,0,0
吉林财经大学,0,8,0
吉林体育学院,0,0,0
吉林艺术学院,0,5,0
黑龙江大学,23,125,17
燕山大学,5,45,11
黑龙江科技大学,4,60,0
东北石油大学,4,89,19
齐齐哈尔大学,0,72,0
铁岭师范高等专科学校,0,0,0
长春理工大学,16,56,14
东北电力大学,0,60,2
长春工业大学,9,35,0
吉林建筑大学,0,12,0
吉林化工学院,0,0,0
吉林农业大学,1,72,23
通化师范学院,11,0,0
吉林师范大学,5,80,0
吉林工程技术师范学院,0,0,0
鞍山师范学院,0,0,0
朝阳师范高等专科学校,0,0,0
大连外国语大学,3,22,0
东北财经大学,3,76,46
中国刑事警察学院,0,7,0
沈阳体育学院,0,0,0
沈阳音乐学院,0,0,0
鲁迅美术学院,2,0,0
抚顺师范高等专科学校,0,0,0
锦州师范高等专科学校,0,0,0
承德医学院,0,4,0
河北师范大学,1,26,8
河北民族师范学院,1,0,0
唐山师范学院,0,0,0
廊坊师范学院,0,0,0
邢台学院,0,0,0
沧州师范学院,0,0,0
石家庄铁道大学,3,54,2
山西大学,2,90,27
山西农业大学,1,52,30
内蒙古师范大学,18,71,1
内蒙古财经大学,0,5,0
沈阳工业大学,20,49,11
沈阳航空航天大学,6,70,0
辽宁科技大学,0,39,2
辽宁工程技术大学,1,52,22
辽宁石油化工大学,3,4326,2
沈阳化工大学,5,23,4
大连工业大学,3,28,0
山西医科大学,1,64,45
辽宁工业大学,1,21,0
长治医学院,5,0,0
山西师范大学,0,137,13
太原师范学院,3,0,0
晋中学院,0,0,0
运城学院,1,0,0
忻州师范学院,5,0,0
山西财经大学,0,56,3
内蒙古工业大学,9,86,13
内蒙古医科大学,4,21,0
天津外国语大学,3,12,0
天津商业大学,0,66,0
天津体育学院,0,7,0
天津音乐学院,0,3,0
天津美术学院,0,0,0
河北大学,1,209,37
石家庄经济学院,4,9,0
河北科技大学,0,36,0
河北建筑工程学院,2,0,0
河北工程技术高等专科学校,0,0,0
中国戏曲学院,1,4,0
北京电影学院,3,8,1
北京舞蹈学院,0,0,0
天津科技大学,1,17,2
天津工业大学,12,44,13
中国民航大学,0,62,0
天津理工大学,0,84,0
天津农学院,0,4,0
天津中医药大学,2,25,20
天津师范大学,10,110,25
沈阳农业大学,27,68,31
大连海洋大学,4,18,0
中国医科大学,34,61,52
辽宁医学院,5,67,7
大连医科大学,1,70,41
辽宁中医药大学,13,18,16
沈阳药科大学,3,26,21
沈阳医学院,0,0,0
辽宁师范大学,2,132,4
沈阳师范大学,9,59,0
首都体育学院,0,5,0
北京第二外国语学院,0,12,0
北京语言大学,1,0,0
北京物资学院,0,6,0
外交学院,0,8,2
中国人民公安大学,2,9,0
国际关系学院,0,0,0
中国音乐学院,1,1,1
中央美术学院,0,3,2
中央戏剧学院,1,0,3
黑龙江八一农垦大学,6,22,2
哈尔滨医科大学,2,49,45
黑龙江中医药大学,4,28,22
牡丹江医学院,0,0,0
哈尔滨师范大学,10,154,47
牡丹江师范学院,2,5,0
大庆师范学院,0,0,0
绥化学院,0,0,0
哈尔滨商业大学,6,77,19
哈尔滨体育学院,3,3,0
中南财经政法大学,2,41,24
武汉理工大学,3,150,70
东北农业大学,6,126,58
中国传媒大学,3,48,24
中国地质大学武汉,8,38,13
中国石油大学北京,5,151,45
西南交通大学,6,43,15
四川农业大学,0,73,32
西南大学,5,204,106
西南财经大学,4,79,56
贵州大学,25,155,11
云南大学,41,181,57
西藏大学,1,30,0
西北大学,6,177,95
陕西师范大学,4,246,118
西安电子科技大学,5,63,27
合肥工业大学,3,32,12
福州大学,2,176,67
郑州大学,22,292,145
华中农业大学,9,90,57
华中师范大学,9,184,94
湖南师范大学,6,169,60
暨南大学,6,134,6
华南师范大学,4,200,100
海南大学,3,143,37
广西大学,24,206,11
青海大学,0,18,2
宁夏大学,2,183,28
新疆大学,9,83,12
石河子大学,11,157,30
中国矿业大学北京,9,208,85
中国地质大学北京,5,118,37
南昌大学,4,269,71
上海大学,14,210,117
天津医科大学,23,61,44
长安大学,2,96,46
苏州大学,4,312,192
南京航空航天大学,17,127,52
南京理工大学,6,116,18
中国矿业大学,9,35,16
河海大学,3,124,38
江南大学,3,24,5
南京农业大学,0,33,16
中国药科大学,7,29,24
南京师范大学,9,252,153
安徽大学,14,196,59
中央财经大学,11,42,17
对外经济贸易大学,2,39,15
北京体育大学,4,10,3
中央音乐学院,1,1,1
中国政法大学,1,73,31
华北电力大学,17,52,20
河北工业大学,2,152,42
太原理工大学,3,126,49
内蒙古大学,2,92,19
北京交通大学,4,34,20
北京工业大学,3,31,18
北京科技大学,12,121,73
北京化工大学,4,104,35
北京邮电大学,2,28,9
北京林业大学,4,116,39
北京协和医学院,18,52,49
北京中医药大学,50,43,43
北京外国语大学,4,18,11
辽宁大学,3,161,62
大连海事大学,2,17,28
延边大学,1,133,21
东北师范大学,4,151,111
哈尔滨工程大学,40,93,25
东北林业大学,20,164,52
华东理工大学,8,161,94
东华大学,7,47,7
上海外国语大学,3,23,10
上海财经大学,3,85,53
浙江大学,35,317,283
中国科学技术大学,14,133,98
厦门大学,14,279,185
山东大学,19,55,40
中国海洋大学,12,226,93
武汉大学,20,284,231
湖南大学,14,198,25
中山大学,25,251,180
华南理工大学,7,204,110
重庆大学,20,256,133
大连理工大学,12,260,155
东北大学,7,174,81
吉林大学,4,299,237
哈尔滨工业大学,15,147,81
复旦大学,30,229,178
同济大学,27,97,31
上海交通大学,9,78,78
华东师范大学,10,38,26
南京大学,21,48,44
东南大学,10,49,29
电子科技大学,6,62,44
西安交通大学,20,199,114
西北工业大学,13,101,57
兰州大学,10,187,56
四川大学,15,345,228
西北农林科技大学,9,105,71
中南大学,17,282,157
华中科技大学,28,304,237
北京大学,81,244,201
中国人民大学,16,177,119
清华大学,37,271,253
北京航空航天大学,36,38,21
北京理工大学,12,234,117
中国农业大学,12,208,114
北京师范大学,16,166,111
中央民族大学,27,66,25
南开大学,15,231,172
天津大学,15,35,27
中国石油大学华东,7,183,55
北方工业大学,0,26,0
北京服装学院,3,12,0
北京印刷学院,0,26,0
北京建筑大学,0,20,0
北京石油化工学院,0,0,0
北京电子科技学院,0,0,0
北京农学院,0,0,0
首都医科大学,8,78,41
首都师范大学,33,109,41
